[{"Title":"Jamai Raja ","DurationInMinutes":30,"EpgItemId":1301663,"StartDate":"2015-10-08T15:30:00Z","EndDate":"2015-10-08T16:00:00Z","Description":"","IsPlayingNow":false,"IsCatchUp":true,"i":76,"ChannelName":null,"ChannelLogo":"http://res.cloudinary.com/idiso/image/upload/h_150/v1429565816/xbxxzff5rs8kugrtebjy.png","CatchupUrl":"/CatchUp/ZEEHDIND/{0}","u":null,"p":0,"t":null},{"Title":"Jamai Raja ","DurationInMinutes":30,"EpgItemId":1301634,"StartDate":"2015-10-08T05:30:00Z","EndDate":"2015-10-08T06:00:00Z","Description":"","IsPlayingNow":false,"IsCatchUp":true,"i":76,"ChannelName":null,"ChannelLogo":"http://res.cloudinary.com/idiso/image/upload/h_150/v1429565816/xbxxzff5rs8kugrtebjy.png","CatchupUrl":"/CatchUp/ZEEHDIND/{0}","u":null,"p":0,"t":null},{"Title":"Jamai Raja ","DurationInMinutes":30,"EpgItemId":1301624,"StartDate":"2015-10-08T02:00:00Z","EndDate":"2015-10-08T02:30:00Z","Description":"","IsPlayingNow":false,"IsCatchUp":true,"i":76,"ChannelName":null,"ChannelLogo":"http://res.cloudinary.com/idiso/image/upload/h_150/v1429565816/xbxxzff5rs8kugrtebjy.png","CatchupUrl":"/CatchUp/ZEEHDIND/{0}","u":null,"p":0,"t":null},{"Title":"Jamai Raja ","DurationInMinutes":30,"EpgItemId":1301620,"StartDate":"2015-10-08T00:00:00Z","EndDate":"2015-10-08T00:30:00Z","Description":"","IsPlayingNow":false,"IsCatchUp":true,"i":76,"ChannelName":null,"ChannelLogo":"http://res.cloudinary.com/idiso/image/upload/h_150/v1429565816/xbxxzff5rs8kugrtebjy.png","CatchupUrl":"/CatchUp/ZEEHDIND/{0}","u":null,"p":0,"t":null},{"Title":"Jamai Raja ","DurationInMinutes":30,"EpgItemId":1301614,"StartDate":"2015-10-07T21:00:00Z","EndDate":"2015-10-07T21:30:00Z","Description":"","IsPlayingNow":false,"IsCatchUp":true,"i":76,"ChannelName":null,"ChannelLogo":"http://res.cloudinary.com/idiso/image/upload/h_150/v1429565816/xbxxzff5rs8kugrtebjy.png","CatchupUrl":"/CatchUp/ZEEHDIND/{0}","u":null,"p":0,"t":null},{"Title":"Jamai Raja ","DurationInMinutes":30,"EpgItemId":1301597,"StartDate":"2015-10-07T15:30:00Z","EndDate":"2015-10-07T16:00:00Z","Description":"","IsPlayingNow":false,"IsCatchUp":true,"i":76,"ChannelName":null,"ChannelLogo":"http://res.cloudinary.com/idiso/image/upload/h_150/v1429565816/xbxxzff5rs8kugrtebjy.png","CatchupUrl":"/CatchUp/ZEEHDIND/{0}","u":null,"p":0,"t":null},{"Title":"Jamai Raja ","DurationInMinutes":30,"EpgItemId":1301568,"StartDate":"2015-10-07T05:30:00Z","EndDate":"2015-10-07T06:00:00Z","Description":"","IsPlayingNow":false,"IsCatchUp":true,"i":76,"ChannelName":null,"ChannelLogo":"http://res.cloudinary.com/idiso/image/upload/h_150/v1429565816/xbxxzff5rs8kugrtebjy.png","CatchupUrl":"/CatchUp/ZEEHDIND/{0}","u":null,"p":0,"t":null},{"Title":"Jamai Raja","DurationInMinutes":30,"EpgItemId":1292973,"StartDate":"2015-10-07T02:00:00Z","EndDate":"2015-10-07T02:30:00Z","Description":"","IsPlayingNow":false,"IsCatchUp":true,"i":76,"ChannelName":null,"ChannelLogo":"http://res.cloudinary.com/idiso/image/upload/h_150/v1429565816/xbxxzff5rs8kugrtebjy.png","CatchupUrl":"/CatchUp/ZEEHDIND/{0}","u":null,"p":0,"t":null},{"Title":"Jamai Raja ","DurationInMinutes":30,"EpgItemId":1292969,"StartDate":"2015-10-07T00:00:00Z","EndDate":"2015-10-07T00:30:00Z","Description":"","IsPlayingNow":false,"IsCatchUp":true,"i":76,"ChannelName":null,"ChannelLogo":"http://res.cloudinary.com/idiso/image/upload/h_150/v1429565816/xbxxzff5rs8kugrtebjy.png","CatchupUrl":"/CatchUp/ZEEHDIND/{0}","u":null,"p":0,"t":null},{"Title":"Jamai Raja ","DurationInMinutes":30,"EpgItemId":1292963,"StartDate":"2015-10-06T21:00:00Z","EndDate":"2015-10-06T21:30:00Z","Description":"","IsPlayingNow":false,"IsCatchUp":true,"i":76,"ChannelName":null,"ChannelLogo":"http://res.cloudinary.com/idiso/image/upload/h_150/v1429565816/xbxxzff5rs8kugrtebjy.png","CatchupUrl":"/CatchUp/ZEEHDIND/{0}","u":null,"p":0,"t":null},{"Title":"Jamai Raja ","DurationInMinutes":30,"EpgItemId":1292946,"StartDate":"2015-10-06T15:30:00Z","EndDate":"2015-10-06T16:00:00Z","Description":"","IsPlayingNow":false,"IsCatchUp":true,"i":76,"ChannelName":null,"ChannelLogo":"http://res.cloudinary.com/idiso/image/upload/h_150/v1429565816/xbxxzff5rs8kugrtebjy.png","CatchupUrl":"/CatchUp/ZEEHDIND/{0}","u":null,"p":0,"t":null},{"Title":"Jamai Raja ","DurationInMinutes":30,"EpgItemId":1292917,"StartDate":"2015-10-06T05:30:00Z","EndDate":"2015-10-06T06:00:00Z","Description":"","IsPlayingNow":false,"IsCatchUp":true,"i":76,"ChannelName":null,"ChannelLogo":"http://res.cloudinary.com/idiso/image/upload/h_150/v1429565816/xbxxzff5rs8kugrtebjy.png","CatchupUrl":"/CatchUp/ZEEHDIND/{0}","u":null,"p":0,"t":null},{"Title":"Jamai Raja ","DurationInMinutes":30,"EpgItemId":1292907,"StartDate":"2015-10-06T02:00:00Z","EndDate":"2015-10-06T02:30:00Z","Description":"","IsPlayingNow":false,"IsCatchUp":true,"i":76,"ChannelName":null,"ChannelLogo":"http://res.cloudinary.com/idiso/image/upload/h_150/v1429565816/xbxxzff5rs8kugrtebjy.png","CatchupUrl":"/CatchUp/ZEEHDIND/{0}","u":null,"p":0,"t":null},{"Title":"Jamai Raja ","DurationInMinutes":30,"EpgItemId":1292903,"StartDate":"2015-10-06T00:00:00Z","EndDate":"2015-10-06T00:30:00Z","Description":"","IsPlayingNow":false,"IsCatchUp":true,"i":76,"ChannelName":null,"ChannelLogo":"http://res.cloudinary.com/idiso/image/upload/h_150/v1429565816/xbxxzff5rs8kugrtebjy.png","CatchupUrl":"/CatchUp/ZEEHDIND/{0}","u":null,"p":0,"t":null},{"Title":"Jamai Raja ","DurationInMinutes":30,"EpgItemId":1292897,"StartDate":"2015-10-05T21:00:00Z","EndDate":"2015-10-05T21:30:00Z","Description":"","IsPlayingNow":false,"IsCatchUp":true,"i":76,"ChannelName":null,"ChannelLogo":"http://res.cloudinary.com/idiso/image/upload/h_150/v1429565816/xbxxzff5rs8kugrtebjy.png","CatchupUrl":"/CatchUp/ZEEHDIND/{0}","u":null,"p":0,"t":null},{"Title":"Jamai Raja ","DurationInMinutes":30,"EpgItemId":1292880,"StartDate":"2015-10-05T15:30:00Z","EndDate":"2015-10-05T16:00:00Z","Description":"","IsPlayingNow":false,"IsCatchUp":true,"i":76,"ChannelName":null,"ChannelLogo":"http://res.cloudinary.com/idiso/image/upload/h_150/v1429565816/xbxxzff5rs8kugrtebjy.png","CatchupUrl":"/CatchUp/ZEEHDIND/{0}","u":null,"p":0,"t":null},{"Title":"Jamai Raja ","DurationInMinutes":30,"EpgItemId":1292851,"StartDate":"2015-10-05T05:30:00Z","EndDate":"2015-10-05T06:00:00Z","Description":"","IsPlayingNow":false,"IsCatchUp":true,"i":76,"ChannelName":null,"ChannelLogo":"http://res.cloudinary.com/idiso/image/upload/h_150/v1429565816/xbxxzff5rs8kugrtebjy.png","CatchupUrl":"/CatchUp/ZEEHDIND/{0}","u":null,"p":0,"t":null},{"Title":"Jamai Raja","DurationInMinutes":30,"EpgItemId":1293130,"StartDate":"2015-10-05T02:00:00Z","EndDate":"2015-10-05T02:30:00Z","Description":"","IsPlayingNow":false,"IsCatchUp":true,"i":76,"ChannelName":null,"ChannelLogo":"http://res.cloudinary.com/idiso/image/upload/h_150/v1429565816/xbxxzff5rs8kugrtebjy.png","CatchupUrl":"/CatchUp/ZEEHDIND/{0}","u":null,"p":0,"t":null},{"Title":"Jamai Raja","DurationInMinutes":30,"EpgItemId":1293126,"StartDate":"2015-10-05T00:00:00Z","EndDate":"2015-10-05T00:30:00Z","Description":"","IsPlayingNow":false,"IsCatchUp":true,"i":76,"ChannelName":null,"ChannelLogo":"http://res.cloudinary.com/idiso/image/upload/h_150/v1429565816/xbxxzff5rs8kugrtebjy.png","CatchupUrl":"/CatchUp/ZEEHDIND/{0}","u":null,"p":0,"t":null},{"Title":"Jamai Raja ","DurationInMinutes":30,"EpgItemId":1293120,"StartDate":"2015-10-04T21:00:00Z","EndDate":"2015-10-04T21:30:00Z","Description":"","IsPlayingNow":false,"IsCatchUp":true,"i":76,"ChannelName":null,"ChannelLogo":"http://res.cloudinary.com/idiso/image/upload/h_150/v1429565816/xbxxzff5rs8kugrtebjy.png","CatchupUrl":"/CatchUp/ZEEHDIND/{0}","u":null,"p":0,"t":null}]